Id,Codigo
9432836, BERM-HOLLI-GAB-ELA-CAMEL-M
9654552, CAP-VINTAGE-GAB-ANCHORS-ROJAYAZUL
9681870, REM-BILLABONG-PALMERA-BLANCA-S
7947931, REM-PENGUIN-LISO-COMBO-BNGO-XL-X3
7947971, REM-PENGUIN-LISO-COMBO-BNGO-XXL-X3
7685251, REM-PENGUIN-LISO-COMBO-GCBBJ-XL-X3
7620696, REM-PENGUIN-LISO-COMBO-GCR-XL-X3
7677504, REM-PENGUIN-LISO-COMBO-GGB-XXL-X3
8959110, CAMISA-LISA-CLASICA-BLANCA-XXXL
8959111, CAMISA-LISA-CLASICA-BLANCA-XXXXL
8959112, CAMISA-LISA-CLASICA-BLANCA-XXXXXL
8959108, CAMISA-LISA-CLASICA-RATIER-LAVANDA-XL
8959109, CAMISA-LISA-CLASICA-ROSA-RAYAS-FINAS-XXL
7609840,AS00001
7609929,AS0000100
7609930,AS0000101
7609931,AS0000102
7609932,AS0000103
7609933,AS0000104
7609934,AS0000105
7609935,AS0000106
7609936,AS0000107
7609937,AS0000108
7609938,AS0000109
7609939,AS0000110
7609940,AS0000111
7609941,AS0000112
7609942,AS0000113
7609943,AS0000114
7609944,AS0000115
7609945,AS0000116
7609946,AS0000117
7609947,AS0000118
7609948,AS0000119
7609949,AS0000120
7609848,AS000019
7609841,AS00002
7609849,AS000020
7609850,AS000021
7609851,AS000022
7609852,AS000023
7609853,AS000024
7609854,AS000025
7609855,AS000026
7609856,AS000027
7609857,AS000028
7609858,AS000029
7609842,AS00003
7609859,AS000030
7609860,AS000031
7609861,AS000032
7609862,AS000033
7609863,AS000034
7609864,AS000035
7609865,AS000036
7609866,AS000037
7609867,AS000038
7609868,AS000039
7609843,AS00004
7609869,AS000040
7609870,AS000041
7609871,AS000042
7609872,AS000043
7609873,AS000044
7609874,AS000045
7609875,AS000046
7609876,AS000047
7609877,AS000048
7609878,AS000049
7600564,AS00005
7609879,AS000050
7609880,AS000051
7609881,AS000052
7609882,AS000053
7609883,AS000054
7609884,AS000055
7609885,AS000056
7609886,AS000057
7609887,AS000058
7609888,AS000059
7609844,AS00006
7609889,AS000060
7609890,AS000061
7609891,AS000062
7609892,AS000063
7609893,AS000064
7609894,AS000065
7609895,AS000066
7609896,AS000067
7609897,AS000068
7609898,AS000069
7609845,AS00007
7609899,AS000070
7609900,AS000071
7609901,AS000072
7609902,AS000073
7609903,AS000074
7609904,AS000075
7609905,AS000076
7609906,AS000077
7609907,AS000078
7609908,AS000079
7609846,AS00008
7609909,AS000080
7609910,AS000081
7609911,AS000082
7609912,AS000083
7609913,AS000084
7609914,AS000085
7609915,AS000086
7609916,AS000087
7609917,AS000088
7609918,AS000089
7609847,AS00009
7609919,AS000090
7609920,AS000091
7609921,AS000092
7609922,AS000093
7609923,AS000094
7609924,AS000095
7609925,AS000096
7609926,AS000097
7609927,AS000098
7609928,AS000099
7391280,BERM-HOLLI-ELA-AZULYCAMEL-COMBO-L-X2
7391251,BERM-HOLLI-ELA-AZULYCAMEL-COMBO-M-X2
7391307,BERM-HOLLI-ELA-AZULYCAMEL-COMBO-XL-X2
7391310,BERM-HOLLI-ELA-AZULYCAMEL-COMBO-XXL-X2
7391366,BERM-HOLLI-ELA-AZULYNEGRO-COMBO-L-X2
7391365,BERM-HOLLI-ELA-AZULYNEGRO-COMBO-M-X2
7391374,BERM-HOLLI-ELA-AZULYNEGRO-COMBO-XL-X2
7391379,BERM-HOLLI-ELA-AZULYNEGRO-COMBO-XXL-X2
7455371,BERM-HOLLI-ELA-AZULYROSA-COMBO-L-X2
7455286,BERM-HOLLI-ELA-AZULYROSA-COMBO-M-X2
7455901,BERM-HOLLI-ELA-AZULYROSA-COMBO-XL-X2
7455928,BERM-HOLLI-ELA-AZULYROSA-COMBO-XXL-X2
7391319,BERM-HOLLI-ELA-AZULYVERDE-COMBO-L-X2
7391332,BERM-HOLLI-ELA-AZULYVERDE-COMBO-M-X2
7391338,BERM-HOLLI-ELA-AZULYVERDE-COMBO-XL-X2
7391355,BERM-HOLLI-ELA-AZULYVERDE-COMBO-XXL-X2
7601114,BERM-HOLLI-ELA-RCA-COMBO-L-X3
7601105,BERM-HOLLI-ELA-RCA-COMBO-M-X3
7601131,BERM-HOLLI-ELA-RCA-COMBO-XL-X3
7601138,BERM-HOLLI-ELA-RCA-COMBO-XXL-X3
7601148,BERM-HOLLI-ELA-RCC-COMBO-L-X3
7601143,BERM-HOLLI-ELA-RCC-COMBO-M-X3
7601156,BERM-HOLLI-ELA-RCC-COMBO-XL-X3
7601181,BERM-HOLLI-ELA-RCC-COMBO-XXL-X3
7601094,BERM-HOLLI-ELA-RCN-COMBO-L-X3
7601089,BERM-HOLLI-ELA-RCN-COMBO-M-X3
7601098,BERM-HOLLI-ELA-RCN-COMBO-XL-X3
7601100,BERM-HOLLI-ELA-RCN-COMBO-XXL-X3
7600768,BERM-HOLLI-ELA-RCV-COMBO-L-X3
7600697,BERM-HOLLI-ELA-RCV-COMBO-M-X3
7600797,BERM-HOLLI-ELA-RCV-COMBO-XL-X3
7601000,BERM-HOLLI-ELA-RCV-COMBO-XXL-X3
9432840,BERM-HOLLI-GAB-ELA-CAMEL-L
9432829,BERM-HOLLI-GAB-ELA-CAMEL-S
9432841,BERM-HOLLI-GAB-ELA-CAMEL-XL
9432843,BERM-HOLLI-GAB-ELA-CAMEL-XXL
9682875,BERM-HOLLI-GAB-ELA-MAR-L
9682874,BERM-HOLLI-GAB-ELA-MAR-M
9682873,BERM-HOLLI-GAB-ELA-MAR-S
9682876,BERM-HOLLI-GAB-ELA-MAR-XL
9682877,BERM-HOLLI-GAB-ELA-MAR-XXL
9432848,BERM-HOLLI-GAB-ELA-NEGRA-L
9432847,BERM-HOLLI-GAB-ELA-NEGRA-M
9432845,BERM-HOLLI-GAB-ELA-NEGRA-S
9432854,BERM-HOLLI-GAB-ELA-NEGRA-XL
9432858,BERM-HOLLI-GAB-ELA-NEGRA-XXL
9432866,BERM-HOLLI-GAB-ELA-VERDE-L
9432864,BERM-HOLLI-GAB-ELA-VERDE-M
9432862,BERM-HOLLI-GAB-ELA-VERDE-S
9432870,BERM-HOLLI-GAB-ELA-VERDE-XL
9432873,BERM-HOLLI-GAB-ELA-VERDE-XXL
7323105,BERM-HOLLISTER-ELA-AZUL-L
7323104,BERM-HOLLISTER-ELA-AZUL-M
7323106,BERM-HOLLISTER-ELA-AZUL-XL
7323107,BERM-HOLLISTER-ELA-AZUL-XXL
7323097,BERM-HOLLISTER-ELA-CAMEL-L
7323096,BERM-HOLLISTER-ELA-CAMEL-M
7323098,BERM-HOLLISTER-ELA-CAMEL-XL
7323099,BERM-HOLLISTER-ELA-CAMEL-XXL
7323113,BERM-HOLLISTER-ELA-CELESTE-L
7323112,BERM-HOLLISTER-ELA-CELESTE-M
7323114,BERM-HOLLISTER-ELA-CELESTE-XL
7323115,BERM-HOLLISTER-ELA-CELESTE-XXL
7323101,BERM-HOLLISTER-ELA-NEGRO-L
7323100,BERM-HOLLISTER-ELA-NEGRO-M
7323102,BERM-HOLLISTER-ELA-NEGRO-XL
7323103,BERM-HOLLISTER-ELA-NEGRO-XXL
7323109,BERM-HOLLISTER-ELA-ROSA-L
7323108,BERM-HOLLISTER-ELA-ROSA-M
7323110,BERM-HOLLISTER-ELA-ROSA-XL
7323111,BERM-HOLLISTER-ELA-ROSA-XXL
7323417,BERM-HOLLISTER-ELA-VERDE-L
7323415,BERM-HOLLISTER-ELA-VERDE-M
7323418,BERM-HOLLISTER-ELA-VERDE-XL
7323116,BERM-HOLLISTER-ELA-VERDE-XXL
7327475,BERM-HOLLISTER-GAB-MAR-L
7327474,BERM-HOLLISTER-GAB-MAR-M
7327473,BERM-HOLLISTER-GAB-MAR-S
7327476,BERM-HOLLISTER-GAB-MAR-XL
7327477,BERM-HOLLISTER-GAB-MAR-XXL
6559383,BERM-PENGUIN-GAB
6544734,BERM-PENGUIN-GAB-AERO-L
6544733,BERM-PENGUIN-GAB-AERO-M
6544732,BERM-PENGUIN-GAB-AERO-S
6544735,BERM-PENGUIN-GAB-AERO-XL
6544729,BERM-PENGUIN-GAB-AERO-XS
6544736,BERM-PENGUIN-GAB-AERO-XXL
6544737,BERM-PENGUIN-GAB-AERO-XXXL
6544784,BERM-PENGUIN-GAB-BEIGE-L
6544783,BERM-PENGUIN-GAB-BEIGE-M
6544782,BERM-PENGUIN-GAB-BEIGE-S
6544785,BERM-PENGUIN-GAB-BEIGE-XL
6544781,BERM-PENGUIN-GAB-BEIGE-XS
6544786,BERM-PENGUIN-GAB-BEIGE-XXL
6544787,BERM-PENGUIN-GAB-BEIGE-XXXL
6544768,BERM-PENGUIN-GAB-CAMEL-L
6544767,BERM-PENGUIN-GAB-CAMEL-M
6544766,BERM-PENGUIN-GAB-CAMEL-S
6544769,BERM-PENGUIN-GAB-CAMEL-XL
6544745,BERM-PENGUIN-GAB-CAMEL-XS
6544770,BERM-PENGUIN-GAB-CAMEL-XXL
6544771,BERM-PENGUIN-GAB-CAMEL-XXXL
6544762,BERM-PENGUIN-GAB-CEMENTO-L
6544761,BERM-PENGUIN-GAB-CEMENTO-M
6544760,BERM-PENGUIN-GAB-CEMENTO-S
6544763,BERM-PENGUIN-GAB-CEMENTO-XL
6544759,BERM-PENGUIN-GAB-CEMENTO-XS
6544764,BERM-PENGUIN-GAB-CEMENTO-XXL
6544765,BERM-PENGUIN-GAB-CEMENTO-XXXL
6829195,BERM-PENGUIN-GAB-CORAL-L
6829194,BERM-PENGUIN-GAB-CORAL-M
6829193,BERM-PENGUIN-GAB-CORAL-S
6829196,BERM-PENGUIN-GAB-CORAL-XL
6829192,BERM-PENGUIN-GAB-CORAL-XS
6829197,BERM-PENGUIN-GAB-CORAL-XXL
6966717,BERM-PENGUIN-GAB-EST-AZUL-L
6966716,BERM-PENGUIN-GAB-EST-AZUL-M
6966715,BERM-PENGUIN-GAB-EST-AZUL-S
6966718,BERM-PENGUIN-GAB-EST-AZUL-XL
6966714,BERM-PENGUIN-GAB-EST-AZUL-XS
6966719,BERM-PENGUIN-GAB-EST-AZUL-XXL
6966720,BERM-PENGUIN-GAB-EST-AZUL-XXXL
6966758,BERM-PENGUIN-GAB-EST-BEIGE-L
6966757,BERM-PENGUIN-GAB-EST-BEIGE-M
6966756,BERM-PENGUIN-GAB-EST-BEIGE-S
6966759,BERM-PENGUIN-GAB-EST-BEIGE-XL
6966755,BERM-PENGUIN-GAB-EST-BEIGE-XS
6966760,BERM-PENGUIN-GAB-EST-BEIGE-XXL
6966761,BERM-PENGUIN-GAB-EST-BEIGE-XXXL
6966744,BERM-PENGUIN-GAB-EST-CEMENTO-L
6966743,BERM-PENGUIN-GAB-EST-CEMENTO-M
6966742,BERM-PENGUIN-GAB-EST-CEMENTO-S
6966745,BERM-PENGUIN-GAB-EST-CEMENTO-XL
6966741,BERM-PENGUIN-GAB-EST-CEMENTO-XS
6966746,BERM-PENGUIN-GAB-EST-CEMENTO-XXL
6966747,BERM-PENGUIN-GAB-EST-CEMENTO-XXXL
6966724,BERM-PENGUIN-GAB-EST-NEGRO-L
6966723,BERM-PENGUIN-GAB-EST-NEGRO-M
6966722,BERM-PENGUIN-GAB-EST-NEGRO-S
6966725,BERM-PENGUIN-GAB-EST-NEGRO-XL
6966721,BERM-PENGUIN-GAB-EST-NEGRO-XS
6966726,BERM-PENGUIN-GAB-EST-NEGRO-XXL
6966727,BERM-PENGUIN-GAB-EST-NEGRO-XXXL
6966751,BERM-PENGUIN-GAB-EST-PERLA-L
6966750,BERM-PENGUIN-GAB-EST-PERLA-M
6966749,BERM-PENGUIN-GAB-EST-PERLA-S
6966752,BERM-PENGUIN-GAB-EST-PERLA-XL
6966748,BERM-PENGUIN-GAB-EST-PERLA-XS
6966753,BERM-PENGUIN-GAB-EST-PERLA-XXL
6966754,BERM-PENGUIN-GAB-EST-PERLA-XXXL
6966731,BERM-PENGUIN-GAB-EST-ROSA-L
6966730,BERM-PENGUIN-GAB-EST-ROSA-M
6966729,BERM-PENGUIN-GAB-EST-ROSA-S
6966732,BERM-PENGUIN-GAB-EST-ROSA-XL
6966728,BERM-PENGUIN-GAB-EST-ROSA-XS
6966733,BERM-PENGUIN-GAB-EST-ROSA-XXL
7562247,BERM-PENGUIN-GAB-EST-ROSA-XXXL
6966737,BERM-PENGUIN-GAB-EST-TIZA-L
6966736,BERM-PENGUIN-GAB-EST-TIZA-M
6966735,BERM-PENGUIN-GAB-EST-TIZA-S
6966738,BERM-PENGUIN-GAB-EST-TIZA-XL
6966734,BERM-PENGUIN-GAB-EST-TIZA-XS
6966739,BERM-PENGUIN-GAB-EST-TIZA-XXL
6966740,BERM-PENGUIN-GAB-EST-TIZA-XXXL
6544748,BERM-PENGUIN-GAB-MARINO-L
6544747,BERM-PENGUIN-GAB-MARINO-M
6544746,BERM-PENGUIN-GAB-MARINO-S
6544749,BERM-PENGUIN-GAB-MARINO-XL
6544730,BERM-PENGUIN-GAB-MARINO-XS
6544750,BERM-PENGUIN-GAB-MARINO-XXL
6544751,BERM-PENGUIN-GAB-MARINO-XXXL
6544774,BERM-PENGUIN-GAB-NEGRO-L
6544773,BERM-PENGUIN-GAB-NEGRO-M
6544772,BERM-PENGUIN-GAB-NEGRO-S
6544775,BERM-PENGUIN-GAB-NEGRO-XL
6544731,BERM-PENGUIN-GAB-NEGRO-XS
6544776,BERM-PENGUIN-GAB-NEGRO-XXL
6544777,BERM-PENGUIN-GAB-NEGRO-XXXL
6829189,BERM-PENGUIN-GAB-PERLA-L
6544780,BERM-PENGUIN-GAB-PERLA-M
6544779,BERM-PENGUIN-GAB-PERLA-S
6829190,BERM-PENGUIN-GAB-PERLA-XL
6544778,BERM-PENGUIN-GAB-PERLA-XS
6829191,BERM-PENGUIN-GAB-PERLA-XXL
6544741,BERM-PENGUIN-GAB-ROSA-L
6544740,BERM-PENGUIN-GAB-ROSA-M
6544739,BERM-PENGUIN-GAB-ROSA-S
6544742,BERM-PENGUIN-GAB-ROSA-XL
6544738,BERM-PENGUIN-GAB-ROSA-XS
6544743,BERM-PENGUIN-GAB-ROSA-XXL
6544744,BERM-PENGUIN-GAB-ROSA-XXXL
6544755,BERM-PENGUIN-GAB-TIZA-L
6544754,BERM-PENGUIN-GAB-TIZA-M
6544753,BERM-PENGUIN-GAB-TIZA-S
6544756,BERM-PENGUIN-GAB-TIZA-XL
6544752,BERM-PENGUIN-GAB-TIZA-XS
6544757,BERM-PENGUIN-GAB-TIZA-XXL
6544758,BERM-PENGUIN-GAB-TIZA-XXXL
7490619,BERM-PENGUIN-GAB-TOPO-L
7490618,BERM-PENGUIN-GAB-TOPO-M
7490617,BERM-PENGUIN-GAB-TOPO-S
7490620,BERM-PENGUIN-GAB-TOPO-XL
7490616,BERM-PENGUIN-GAB-TOPO-XS
7490621,BERM-PENGUIN-GAB-TOPO-XXL
7490622,BERM-PENGUIN-GAB-TOPO-XXXL
6786272,BERM-PENGUIN-GABAERO-XL
6916618,BERM-PENGUIN-JEAN-AZUL-CLARO-L
6916617,BERM-PENGUIN-JEAN-AZUL-CLARO-M
6916616,BERM-PENGUIN-JEAN-AZUL-CLARO-S
6916619,BERM-PENGUIN-JEAN-AZUL-CLARO-XL
6916615,BERM-PENGUIN-JEAN-AZUL-CLARO-XS
6916620,BERM-PENGUIN-JEAN-AZUL-CLARO-XXL
6916612,BERM-PENGUIN-JEAN-AZUL-OSCURO-L
6916611,BERM-PENGUIN-JEAN-AZUL-OSCURO-M
6916610,BERM-PENGUIN-JEAN-AZUL-OSCURO-S
6916613,BERM-PENGUIN-JEAN-AZUL-OSCURO-XL
6916609,BERM-PENGUIN-JEAN-AZUL-OSCURO-XS
6916614,BERM-PENGUIN-JEAN-AZUL-OSCURO-XXL
6916606,BERM-PENGUIN-JEAN-GRIS-L
6916605,BERM-PENGUIN-JEAN-GRIS-M
6916604,BERM-PENGUIN-JEAN-GRIS-S
6916607,BERM-PENGUIN-JEAN-GRIS-XL
6916603,BERM-PENGUIN-JEAN-GRIS-XS
6916608,BERM-PENGUIN-JEAN-GRIS-XXL
8901141,CAMISA-CLASICA-BLANCA-LILA-GRIS-RAYADA-XL
8901127,CAMISA-CLASICA-ROSA-VIEJO-RAYADA-XL
8894766,CAMISA-LISA-CLASICA-AZUL-RAYADA-S
8901173,CAMISA-LISA-CLASICA-BLANCA-CUBRE-BOTON-XXL
8901185,CAMISA-LISA-CLASICA-BLANCA-XXXL
8901222,CAMISA-LISA-CLASICA-BLANCA-XXXXL
8901227,CAMISA-LISA-CLASICA-BLANCA-XXXXXL
8893229,CAMISA-LISA-CLASICA-BORDO-XL
8893425,CAMISA-LISA-CLASICA-CELESTE-RAYADA-M
8893413,CAMISA-LISA-CLASICA-CELESTE-RAYADA-XS
8894299,CAMISA-LISA-CLASICA-CELESTE-S
8894238,CAMISA-LISA-CLASICA-GRIS-RAYADA-L
8894231,CAMISA-LISA-CLASICA-GRIS-RAYADA-M
8894228,CAMISA-LISA-CLASICA-GRIS-RAYADA-S
8894816,CAMISA-LISA-CLASICA-GRIS-RAYAS-FINAS-M
8894796,CAMISA-LISA-CLASICA-PERLA-M
8894459,CAMISA-LISA-CLASICA-PERLA-S
8894464,CAMISA-LISA-CLASICA-PERLA-XXL
8901291,CAMISA-LISA-CLASICA-PERLA-XXXL
8901097,CAMISA-LISA-CLASICA-RATIER-CELESTE-L
8901088,CAMISA-LISA-CLASICA-RATIER-LAVANDA-L
8901089,CAMISA-LISA-CLASICA-RATIER-LAVANDA-XL
8894166,CAMISA-LISA-CLASICA-ROSA-RAYADA-XS
8901160,CAMISA-LISA-CLASICA-ROSA-RAYAS-FINAS-XXL
8900886,CAMISA-LISA-CLASICA-SALMON-M
8894192,CAMISA-LISA-CLASICA-TERRACOTA-RAYADA-S
8898938,CAMISA-LISA-ROSA-RAYADA-XS
8827546,CAMISA-LISA-SLIM-BLANCA-L
8827544,CAMISA-LISA-SLIM-BLANCA-M
8827534,CAMISA-LISA-SLIM-BLANCA-S
8827551,CAMISA-LISA-SLIM-BLANCA-XL
8827536,CAMISA-LISA-SLIM-BLANCA-XS
8827552,CAMISA-LISA-SLIM-BLANCA-XXL
8827606,CAMISA-LISA-SLIM-PERLA-L
8827564,CAMISA-LISA-SLIM-PERLA-M
8827539,CAMISA-LISA-SLIM-PERLA-S
8827610,CAMISA-LISA-SLIM-PERLA-XL
8827558,CAMISA-LISA-SLIM-PERLA-XS
8827613,CAMISA-LISA-SLIM-PERLA-XXL
6545245,CAMP-METAL-AZUL-L
6545244,CAMP-METAL-AZUL-M
6545243,CAMP-METAL-AZUL-S
6545246,CAMP-METAL-AZUL-XL
6545247,CAMP-METAL-AZUL-XXL
6545235,CAMP-METAL-GRATA-L
6545234,CAMP-METAL-GRATA-M
6545229,CAMP-METAL-GRATA-S
6545236,CAMP-METAL-GRATA-XL
6545237,CAMP-METAL-GRATA-XXL
6545230,CAMP-METAL-NEGRA-L
6545233,CAMP-METAL-NEGRA-M
6545240,CAMP-METAL-NEGRA-S
6545231,CAMP-METAL-NEGRA-XL
6545232,CAMP-METAL-NEGRA-XXL
6545238,CAMP-METAL-VERDE-L
6545239,CAMP-METAL-VERDE-M
6545228,CAMP-METAL-VERDE-S
6545241,CAMP-METAL-VERDE-XL
6545242,CAMP-METAL-VERDE-XXL
9674705,CAP-GAB-LISA-BLACK
9654627,CAP-VINTAGE-GAB-A-AMARILLOYGRISTOPO
9654592,CAP-VINTAGE-GAB-BEACH-ROJAYAZUL
9654524,CAP-VINTAGE-GAB-LISA-BEIGE
9654535,CAP-VINTAGE-GAB-LISA-BROWN
9654532,CAP-VINTAGE-GAB-LISA-GRIS-MELANGE
9654486,CAP-VINTAGE-GAB-LISA-GRIS-TOPO
9654498,CAP-VINTAGE-GAB-LISA-MOSTAZA
9654512,CAP-VINTAGE-GAB-LISA-RED
9653571,CAP-VINTAGE-GAB-LISA-VERDE
9654579,CAP-VINTAGE-GAB-MIAMI-ROJAYAZUL
9654600,CAP-VINTAGE-GAB-SCHOOL-AZULYGRIS
9654609,CAP-VINTAGE-GAB-SUPERBIKE –AZULYNEGRO
9654603,CAP-VINTAGE-GAB-TRUCK-AZULYGRIS
9643808,CHOMBA-PENGUIN-PIQUE-AGUA-MARINA-L
9643804,CHOMBA-PENGUIN-PIQUE-AGUA-MARINA-M
9643797,CHOMBA-PENGUIN-PIQUE-AGUA-MARINA-S
9643822,CHOMBA-PENGUIN-PIQUE-AGUA-MARINA-XL
9643826,CHOMBA-PENGUIN-PIQUE-AGUA-MARINA-XXL
9510598,CHOMBA-PENGUIN-PIQUE-AZUL-MARINO-L
9510591,CHOMBA-PENGUIN-PIQUE-AZUL-MARINO-M
9510587,CHOMBA-PENGUIN-PIQUE-AZUL-MARINO-S
9510602,CHOMBA-PENGUIN-PIQUE-AZUL-MARINO-XL
9510609,CHOMBA-PENGUIN-PIQUE-AZUL-MARINO-XXL
9643786,CHOMBA-PENGUIN-PIQUE-BLANCA-L
9642983,CHOMBA-PENGUIN-PIQUE-BLANCA-M
9642958,CHOMBA-PENGUIN-PIQUE-BLANCA-S
9643788,CHOMBA-PENGUIN-PIQUE-BLANCA-XL
9643795,CHOMBA-PENGUIN-PIQUE-BLANCA-XXL
9510737,CHOMBA-PENGUIN-PIQUE-GRIS-CLARO-L
9510728,CHOMBA-PENGUIN-PIQUE-GRIS-CLARO-M
9510721,CHOMBA-PENGUIN-PIQUE-GRIS-CLARO-S
9510742,CHOMBA-PENGUIN-PIQUE-GRIS-CLARO-XL
9510747,CHOMBA-PENGUIN-PIQUE-GRIS-CLARO-XXL
9510572,CHOMBA-PENGUIN-PIQUE-NEGRO-L
9510562,CHOMBA-PENGUIN-PIQUE-NEGRO-M
9510550,CHOMBA-PENGUIN-PIQUE-NEGRO-S
9510575,CHOMBA-PENGUIN-PIQUE-NEGRO-XL
9510581,CHOMBA-PENGUIN-PIQUE-NEGRO-XXL
9510638,CHOMBA-PENGUIN-PIQUE-SALMON-L
9510633,CHOMBA-PENGUIN-PIQUE-SALMON-M
9510627,CHOMBA-PENGUIN-PIQUE-SALMON-S
9510645,CHOMBA-PENGUIN-PIQUE-SALMON-XL
9510709,CHOMBA-PENGUIN-PIQUE-SALMON-XXL
7716351,COMBO-BERM-HOLLI-ANV-L-X3
7716349,COMBO-BERM-HOLLI-ANV-M-X3
7716354,COMBO-BERM-HOLLI-ANV-XL-X3
7716357,COMBO-BERM-HOLLI-ANV-XXL-X3
7716144,COMBO-BERM-HOLLI-RCA-L-X3
7716090,COMBO-BERM-HOLLI-RCA-M-X3
7716147,COMBO-BERM-HOLLI-RCA-XL-X3
7716168,COMBO-BERM-HOLLI-RCA-XXL-X3
7716263,COMBO-BERM-HOLLI-RCC-L-X3
7716237,COMBO-BERM-HOLLI-RCC-M-X3
7716270,COMBO-BERM-HOLLI-RCC-XL-X3
7716277,COMBO-BERM-HOLLI-RCC-XXL-X3
7716198,COMBO-BERM-HOLLI-RCN-L-X3
7716185,COMBO-BERM-HOLLI-RCN-M-X3
7716203,COMBO-BERM-HOLLI-RCN-XL-X3
7716210,COMBO-BERM-HOLLI-RCN-XXL-X3
7715350,COMBO-BERM-HOLLI-RCV-L-X3
7715341,COMBO-BERM-HOLLI-RCV-M-X3
7715353,COMBO-BERM-HOLLI-RCV-XL-X3
7715359,COMBO-BERM-HOLLI-RCV-XXL-X3
7395357,HOLLI-ELA-AZULYCAMEL-COMBO-XL-X2
7455909,HOLLI-ELA-AZULYROSA-COMBO-XXL-X2
8806671,JEAN-ABERCROMBIE-AZUL-CLARO-L
8806667,JEAN-ABERCROMBIE-AZUL-CLARO-M
8806666,JEAN-ABERCROMBIE-AZUL-CLARO-S
8806673,JEAN-ABERCROMBIE-AZUL-CLARO-XL
8806657,JEAN-ABERCROMBIE-AZUL-CLARO-XS
8806674,JEAN-ABERCROMBIE-AZUL-CLARO-XXL
8806648,JEAN-ABERCROMBIE-AZUL-OSCURO-L
8806637,JEAN-ABERCROMBIE-AZUL-OSCURO-M
8806634,JEAN-ABERCROMBIE-AZUL-OSCURO-S
8806650,JEAN-ABERCROMBIE-AZUL-OSCURO-XL
8806630,JEAN-ABERCROMBIE-AZUL-OSCURO-XS
8806653,JEAN-ABERCROMBIE-AZUL-OSCURO-XXL
7235011,JEAN-PENGUIN-AZUL-CLARO-L
7235010,JEAN-PENGUIN-AZUL-CLARO-M
7235009,JEAN-PENGUIN-AZUL-CLARO-S
7235012,JEAN-PENGUIN-AZUL-CLARO-XL
7235008,JEAN-PENGUIN-AZUL-CLARO-XS
7235013,JEAN-PENGUIN-AZUL-CLARO-XXL
7235017,JEAN-PENGUIN-AZUL-OSCURO-L
7235016,JEAN-PENGUIN-AZUL-OSCURO-M
7235015,JEAN-PENGUIN-AZUL-OSCURO-S
7235018,JEAN-PENGUIN-AZUL-OSCURO-XL
7235014,JEAN-PENGUIN-AZUL-OSCURO-XS
7235019,JEAN-PENGUIN-AZUL-OSCURO-XXL
7235023,JEAN-PENGUIN-GRIS-L
7235022,JEAN-PENGUIN-GRIS-M
7235021,JEAN-PENGUIN-GRIS-S
7235024,JEAN-PENGUIN-GRIS-XL
7235020,JEAN-PENGUIN-GRIS-XS
7235025,JEAN-PENGUIN-GRIS-XXL
8824805,JEAN-PENGUIN-NEGRO-L
8824804,JEAN-PENGUIN-NEGRO-M
8824803,JEAN-PENGUIN-NEGRO-S
8824936,JEAN-PENGUIN-NEGRO-XL
8824802,JEAN-PENGUIN-NEGRO-XS
8878532,JEAN-PENGUIN-NEGRO-XXL
6560379,JOGGER-HOLLISTER-GAB-AZUL-OSCURO-L
6560378,JOGGER-HOLLISTER-GAB-AZUL-OSCURO-M
6560367,JOGGER-HOLLISTER-GAB-AZUL-OSCURO-S
6560380,JOGGER-HOLLISTER-GAB-AZUL-OSCURO-XL
6560381,JOGGER-HOLLISTER-GAB-AZUL-OSCURO-XXL
9642451,JOGGER-HOLLISTER-GAB-BEIGE-L
9642438,JOGGER-HOLLISTER-GAB-BEIGE-M
9642434,JOGGER-HOLLISTER-GAB-BEIGE-S
9642453,JOGGER-HOLLISTER-GAB-BEIGE-XL
9642468,JOGGER-HOLLISTER-GAB-BEIGE-XXL
6560368,JOGGER-HOLLISTER-GAB-CAMEL-L
6560373,JOGGER-HOLLISTER-GAB-CAMEL-M
6560372,JOGGER-HOLLISTER-GAB-CAMEL-S
6560375,JOGGER-HOLLISTER-GAB-CAMEL-XL
6560376,JOGGER-HOLLISTER-GAB-CAMEL-XXL
6850647,JOGGER-HOLLISTER-GAB-CAMUFLADO-L
6850646,JOGGER-HOLLISTER-GAB-CAMUFLADO-M
6850645,JOGGER-HOLLISTER-GAB-CAMUFLADO-S
6850648,JOGGER-HOLLISTER-GAB-CAMUFLADO-XL
6850649,JOGGER-HOLLISTER-GAB-CAMUFLADO-XXL
9708782,JOGGER-HOLLISTER-GAB-CEMENTO-L
9708780,JOGGER-HOLLISTER-GAB-CEMENTO-M
9708777,JOGGER-HOLLISTER-GAB-CEMENTO-S
9708784,JOGGER-HOLLISTER-GAB-CEMENTO-XL
9708791,JOGGER-HOLLISTER-GAB-CEMENTO-XXL
6560384,JOGGER-HOLLISTER-GAB-GRIS-OSCURO-L
6560383,JOGGER-HOLLISTER-GAB-GRIS-OSCURO-M
6560382,JOGGER-HOLLISTER-GAB-GRIS-OSCURO-S
6560385,JOGGER-HOLLISTER-GAB-GRIS-OSCURO-XL
6560386,JOGGER-HOLLISTER-GAB-GRIS-OSCURO-XXL
9642314,JOGGER-HOLLISTER-GAB-HABANO-L
9641996,JOGGER-HOLLISTER-GAB-HABANO-M
9641985,JOGGER-HOLLISTER-GAB-HABANO-S
9642318,JOGGER-HOLLISTER-GAB-HABANO-XL
9642320,JOGGER-HOLLISTER-GAB-HABANO-XXL
6560369,JOGGER-HOLLISTER-GAB-NEGRO-L
6560370,JOGGER-HOLLISTER-GAB-NEGRO-M
6560377,JOGGER-HOLLISTER-GAB-NEGRO-S
6560374,JOGGER-HOLLISTER-GAB-NEGRO-XL
6560371,JOGGER-HOLLISTER-GAB-NEGRO-XXL
6560388,JOGGER-HOLLISTER-GAB-VERDE-L
6560390,JOGGER-HOLLISTER-GAB-VERDE-M
6560387,JOGGER-HOLLISTER-GAB-VERDE-S
6560389,JOGGER-HOLLISTER-GAB-VERDE-XL
6560391,JOGGER-HOLLISTER-GAB-VERDE-XXL
6661795,PANT-ABER-GAB-AZUL-OSCURO-L
6661794,PANT-ABER-GAB-AZUL-OSCURO-M
6661793,PANT-ABER-GAB-AZUL-OSCURO-S
6661803,PANT-ABER-GAB-AZUL-OSCURO-XL
6661792,PANT-ABER-GAB-AZUL-OSCURO-XS
6661804,PANT-ABER-GAB-AZUL-OSCURO-XXL
6661805,PANT-ABER-GAB-AZUL-OSCURO-XXXL
6661809,PANT-ABER-GAB-CAMEL-L
6661808,PANT-ABER-GAB-CAMEL-M
6661807,PANT-ABER-GAB-CAMEL-S
6661810,PANT-ABER-GAB-CAMEL-XL
6661806,PANT-ABER-GAB-CAMEL-XS
6661811,PANT-ABER-GAB-CAMEL-XXL
6661812,PANT-ABER-GAB-CAMEL-XXXL
6661816,PANT-ABER-GAB-GRIS-TOPO-L
6661815,PANT-ABER-GAB-GRIS-TOPO-M
6661814,PANT-ABER-GAB-GRIS-TOPO-S
6661817,PANT-ABER-GAB-GRIS-TOPO-XL
6661813,PANT-ABER-GAB-GRIS-TOPO-XS
6661818,PANT-ABER-GAB-GRIS-TOPO-XXL
6661819,PANT-ABER-GAB-GRIS-TOPO-XXXL
6661788,PANT-ABER-GAB-NEGRO-L
6661787,PANT-ABER-GAB-NEGRO-M
6661785,PANT-ABER-GAB-NEGRO-S
6661789,PANT-ABER-GAB-NEGRO-XL
6661786,PANT-ABER-GAB-NEGRO-XS
6661790,PANT-ABER-GAB-NEGRO-XXL
6661791,PANT-ABER-GAB-NEGRO-XXXL
6661830,PANT-ABER-GAB-VERDE-CEMENTO-L
6661829,PANT-ABER-GAB-VERDE-CEMENTO-M
6661828,PANT-ABER-GAB-VERDE-CEMENTO-S
6661831,PANT-ABER-GAB-VERDE-CEMENTO-XL
6661827,PANT-ABER-GAB-VERDE-CEMENTO-XS
6661832,PANT-ABER-GAB-VERDE-CEMENTO-XXL
6661833,PANT-ABER-GAB-VERDE-CEMENTO-XXXL
6661823,PANT-ABER-GAB-VERDE-MILITAR-L
6661822,PANT-ABER-GAB-VERDE-MILITAR-M
6661821,PANT-ABER-GAB-VERDE-MILITAR-S
6661824,PANT-ABER-GAB-VERDE-MILITAR-XL
6661820,PANT-ABER-GAB-VERDE-MILITAR-XS
6661825,PANT-ABER-GAB-VERDE-MILITAR-XXL
6661826,PANT-ABER-GAB-VERDE-MILITAR-XXXL
6533740,PANT-HOLLI-GAB-AERO-L
6533739,PANT-HOLLI-GAB-AERO-M
6533738,PANT-HOLLI-GAB-AERO-S
6533741,PANT-HOLLI-GAB-AERO-XL
6533737,PANT-HOLLI-GAB-AERO-XS
6533742,PANT-HOLLI-GAB-AERO-XXL
6533743,PANT-HOLLI-GAB-AERO-XXXL
6533789,PANT-HOLLI-GAB-BEIGE-L
6533788,PANT-HOLLI-GAB-BEIGE-M
6533787,PANT-HOLLI-GAB-BEIGE-S
6533790,PANT-HOLLI-GAB-BEIGE-XL
6533786,PANT-HOLLI-GAB-BEIGE-XS
6533791,PANT-HOLLI-GAB-BEIGE-XXL
6533792,PANT-HOLLI-GAB-BEIGE-XXXL
6533747,PANT-HOLLI-GAB-BORDO-L
6533746,PANT-HOLLI-GAB-BORDO-M
6533745,PANT-HOLLI-GAB-BORDO-S
6533748,PANT-HOLLI-GAB-BORDO-XL
6533744,PANT-HOLLI-GAB-BORDO-XS
6533749,PANT-HOLLI-GAB-BORDO-XXL
6533750,PANT-HOLLI-GAB-BORDO-XXXL
6533782,PANT-HOLLI-GAB-BORRAVINO-L
6533781,PANT-HOLLI-GAB-BORRAVINO-M
6533780,PANT-HOLLI-GAB-BORRAVINO-S
6533783,PANT-HOLLI-GAB-BORRAVINO-XL
6533779,PANT-HOLLI-GAB-BORRAVINO-XS
6533784,PANT-HOLLI-GAB-BORRAVINO-XXL
6533785,PANT-HOLLI-GAB-BORRAVINO-XXXL
6533768,PANT-HOLLI-GAB-CAMEL-L
6533767,PANT-HOLLI-GAB-CAMEL-M
6533766,PANT-HOLLI-GAB-CAMEL-S
6533769,PANT-HOLLI-GAB-CAMEL-XL
6533765,PANT-HOLLI-GAB-CAMEL-XS
6533770,PANT-HOLLI-GAB-CAMEL-XXL
6533771,PANT-HOLLI-GAB-CAMEL-XXXL
6533754,PANT-HOLLI-GAB-CEMENTO-L
6533753,PANT-HOLLI-GAB-CEMENTO-M
6533752,PANT-HOLLI-GAB-CEMENTO-S
6533755,PANT-HOLLI-GAB-CEMENTO-XL
6533751,PANT-HOLLI-GAB-CEMENTO-XS
6533756,PANT-HOLLI-GAB-CEMENTO-XXL
6533757,PANT-HOLLI-GAB-CEMENTO-XXXL
6533796,PANT-HOLLI-GAB-CHOCOLATE-L
6533795,PANT-HOLLI-GAB-CHOCOLATE-M
6533794,PANT-HOLLI-GAB-CHOCOLATE-S
6533797,PANT-HOLLI-GAB-CHOCOLATE-XL
6533793,PANT-HOLLI-GAB-CHOCOLATE-XS
6533798,PANT-HOLLI-GAB-CHOCOLATE-XXL
6533799,PANT-HOLLI-GAB-CHOCOLATE-XXXL
6533733,PANT-HOLLI-GAB-MARINO-L
6533723,PANT-HOLLI-GAB-MARINO-M
6533731,PANT-HOLLI-GAB-MARINO-S
6533734,PANT-HOLLI-GAB-MARINO-XL
6533730,PANT-HOLLI-GAB-MARINO-XS
6533735,PANT-HOLLI-GAB-MARINO-XXL
6533736,PANT-HOLLI-GAB-MARINO-XXXL
6533817,PANT-HOLLI-GAB-MILITAR-L
6533816,PANT-HOLLI-GAB-MILITAR-M
6533815,PANT-HOLLI-GAB-MILITAR-S
6533818,PANT-HOLLI-GAB-MILITAR-XL
6533814,PANT-HOLLI-GAB-MILITAR-XS
6533819,PANT-HOLLI-GAB-MILITAR-XXL
6533820,PANT-HOLLI-GAB-MILITAR-XXXL
6533810,PANT-HOLLI-GAB-MOSTAZA-L
6533809,PANT-HOLLI-GAB-MOSTAZA-M
6533808,PANT-HOLLI-GAB-MOSTAZA-S
6533811,PANT-HOLLI-GAB-MOSTAZA-XL
6533807,PANT-HOLLI-GAB-MOSTAZA-XS
6533812,PANT-HOLLI-GAB-MOSTAZA-XXL
6533813,PANT-HOLLI-GAB-MOSTAZA-XXXL
6533724,PANT-HOLLI-GAB-NEGRO-L
6533725,PANT-HOLLI-GAB-NEGRO-M
6533732,PANT-HOLLI-GAB-NEGRO-S
6533727,PANT-HOLLI-GAB-NEGRO-XL
6533726,PANT-HOLLI-GAB-NEGRO-XS
6533728,PANT-HOLLI-GAB-NEGRO-XXL
6533729,PANT-HOLLI-GAB-NEGRO-XXXL
6533775,PANT-HOLLI-GAB-PERLA-L
6533774,PANT-HOLLI-GAB-PERLA-M
6533773,PANT-HOLLI-GAB-PERLA-S
6533776,PANT-HOLLI-GAB-PERLA-XL
6533772,PANT-HOLLI-GAB-PERLA-XS
6533777,PANT-HOLLI-GAB-PERLA-XXL
6533778,PANT-HOLLI-GAB-PERLA-XXXL
6533761,PANT-HOLLI-GAB-TIZA-L
6533760,PANT-HOLLI-GAB-TIZA-M
6533759,PANT-HOLLI-GAB-TIZA-S
6533762,PANT-HOLLI-GAB-TIZA-XL
6533758,PANT-HOLLI-GAB-TIZA-XS
6533763,PANT-HOLLI-GAB-TIZA-XXL
6533764,PANT-HOLLI-GAB-TIZA-XXXL
6533803,PANT-HOLLI-GAB-TOPO-L
6533802,PANT-HOLLI-GAB-TOPO-M
6533801,PANT-HOLLI-GAB-TOPO-S
6533804,PANT-HOLLI-GAB-TOPO-XL
6533800,PANT-HOLLI-GAB-TOPO-XS
6533805,PANT-HOLLI-GAB-TOPO-XXL
6533806,PANT-HOLLI-GAB-TOPO-XXXL
6520396,PANT-PENGUIN-GAB
6520431,PANT-PENGUIN-GAB-AERO-L
6520436,PANT-PENGUIN-GAB-AERO-M
6520452,PANT-PENGUIN-GAB-AERO-S
6520468,PANT-PENGUIN-GAB-AERO-XL
6520425,PANT-PENGUIN-GAB-AERO-XS
6520447,PANT-PENGUIN-GAB-AERO-XXL
6520428,PANT-PENGUIN-GAB-AERO-XXXL
6520415,PANT-PENGUIN-GAB-AERO-XXXXL
6520395,PANT-PENGUIN-GAB-BEIGE-L
6520434,PANT-PENGUIN-GAB-BEIGE-M
6520381,PANT-PENGUIN-GAB-BEIGE-S
6520391,PANT-PENGUIN-GAB-BEIGE-XL
6520471,PANT-PENGUIN-GAB-BEIGE-XS
6520435,PANT-PENGUIN-GAB-BEIGE-XXL
6520460,PANT-PENGUIN-GAB-BEIGE-XXXL
6520384,PANT-PENGUIN-GAB-BEIGE-XXXXL
6520444,PANT-PENGUIN-GAB-BORDO-L
6520477,PANT-PENGUIN-GAB-BORDO-M
6520411,PANT-PENGUIN-GAB-BORDO-S
6520433,PANT-PENGUIN-GAB-BORDO-XL
6520408,PANT-PENGUIN-GAB-BORDO-XS
6520475,PANT-PENGUIN-GAB-BORDO-XXL
6520403,PANT-PENGUIN-GAB-BORDO-XXXL
6520455,PANT-PENGUIN-GAB-BORDO-XXXXL
6520462,PANT-PENGUIN-GAB-BORRAVINO-L
6520442,PANT-PENGUIN-GAB-BORRAVINO-M
6520469,PANT-PENGUIN-GAB-BORRAVINO-S
6520470,PANT-PENGUIN-GAB-BORRAVINO-XL
6520450,PANT-PENGUIN-GAB-BORRAVINO-XS
6520417,PANT-PENGUIN-GAB-BORRAVINO-XXL
6520439,PANT-PENGUIN-GAB-BORRAVINO-XXXL
6520473,PANT-PENGUIN-GAB-BORRAVINO-XXXXL
6520397,PANT-PENGUIN-GAB-CAMEL-L
6520392,PANT-PENGUIN-GAB-CAMEL-M
6520389,PANT-PENGUIN-GAB-CAMEL-S
6520465,PANT-PENGUIN-GAB-CAMEL-XL
6520464,PANT-PENGUIN-GAB-CAMEL-XS
6520386,PANT-PENGUIN-GAB-CAMEL-XXL
6520416,PANT-PENGUIN-GAB-CAMEL-XXXL
6520472,PANT-PENGUIN-GAB-CAMEL-XXXXL
6564592,PANT-PENGUIN-GAB-CELESTE-L
6564585,PANT-PENGUIN-GAB-CELESTE-M
6564589,PANT-PENGUIN-GAB-CELESTE-S
6564584,PANT-PENGUIN-GAB-CELESTE-XL
6564599,PANT-PENGUIN-GAB-CELESTE-XS
6564597,PANT-PENGUIN-GAB-CELESTE-XXL
6564586,PANT-PENGUIN-GAB-CELESTE-XXXL
6564594,PANT-PENGUIN-GAB-CELESTE-XXXXL
6520418,PANT-PENGUIN-GAB-CEM-L
6520393,PANT-PENGUIN-GAB-CEM-M
6520388,PANT-PENGUIN-GAB-CEM-S
6520474,PANT-PENGUIN-GAB-CEM-XL
6520467,PANT-PENGUIN-GAB-CEM-XS
6520459,PANT-PENGUIN-GAB-CEM-XXL
6520463,PANT-PENGUIN-GAB-CEM-XXXL
6520385,PANT-PENGUIN-GAB-CEM-XXXXL
6564588,PANT-PENGUIN-GAB-CEMENO-M
6564581,PANT-PENGUIN-GAB-CEMENTO-L
6806729,PANT-PENGUIN-GAB-CEMENTO-M
6564596,PANT-PENGUIN-GAB-CEMENTO-S
6564580,PANT-PENGUIN-GAB-CEMENTO-XL
6564598,PANT-PENGUIN-GAB-CEMENTO-XS
6564579,PANT-PENGUIN-GAB-CEMENTO-XXL
6564590,PANT-PENGUIN-GAB-CEMENTO-XXXL
6564595,PANT-PENGUIN-GAB-CEMENTO-XXXXL
6520406,PANT-PENGUIN-GAB-CHOCOLATE-L
6520449,PANT-PENGUIN-GAB-CHOCOLATE-M
6520426,PANT-PENGUIN-GAB-CHOCOLATE-S
6520441,PANT-PENGUIN-GAB-CHOCOLATE-XL
6520458,PANT-PENGUIN-GAB-CHOCOLATE-XS
6520401,PANT-PENGUIN-GAB-CHOCOLATE-XXL
6520382,PANT-PENGUIN-GAB-CHOCOLATE-XXXL
6520427,PANT-PENGUIN-GAB-CHOCOLATE-XXXXL
6520421,PANT-PENGUIN-GAB-GCELESTE-L
6520461,PANT-PENGUIN-GAB-GCELESTE-M
6520476,PANT-PENGUIN-GAB-GCELESTE-S
6520445,PANT-PENGUIN-GAB-GCELESTE-XL
6520420,PANT-PENGUIN-GAB-GCELESTE-XS
6520457,PANT-PENGUIN-GAB-GCELESTE-XXL
6520429,PANT-PENGUIN-GAB-GCELESTE-XXXL
6520423,PANT-PENGUIN-GAB-GCELESTE-XXXXL
6564583,PANT-PENGUIN-GAB-MARINO-L
6564593,PANT-PENGUIN-GAB-MARINO-M
6564582,PANT-PENGUIN-GAB-MARINO-S
6520432,PANT-PENGUIN-GAB-MARINO-XL
6658620,PANT-PENGUIN-GAB-MARINO-XS
6564587,PANT-PENGUIN-GAB-MARINO-XXL
6564591,PANT-PENGUIN-GAB-MARINO-XXXL
6564578,PANT-PENGUIN-GAB-MARINO-XXXXL
6658624,PANT-PENGUIN-GAB-MILITAR-L
6658623,PANT-PENGUIN-GAB-MILITAR-M
6658622,PANT-PENGUIN-GAB-MILITAR-S
6658625,PANT-PENGUIN-GAB-MILITAR-XL
6658621,PANT-PENGUIN-GAB-MILITAR-XS
6658626,PANT-PENGUIN-GAB-MILITAR-XXL
6658627,PANT-PENGUIN-GAB-MILITAR-XXXL
6658628,PANT-PENGUIN-GAB-MILITAR-XXXXL
6658632,PANT-PENGUIN-GAB-MOSTAZA-L
6658631,PANT-PENGUIN-GAB-MOSTAZA-M
6658630,PANT-PENGUIN-GAB-MOSTAZA-S
6658633,PANT-PENGUIN-GAB-MOSTAZA-XL
6658629,PANT-PENGUIN-GAB-MOSTAZA-XS
6658634,PANT-PENGUIN-GAB-MOSTAZA-XXL
6658635,PANT-PENGUIN-GAB-MOSTAZA-XXXL
6658636,PANT-PENGUIN-GAB-MOSTAZA-XXXXL
6520453,PANT-PENGUIN-GAB-NEGRO-L
6520402,PANT-PENGUIN-GAB-NEGRO-M
6520446,PANT-PENGUIN-GAB-NEGRO-S
6520448,PANT-PENGUIN-GAB-NEGRO-XL
6520390,PANT-PENGUIN-GAB-NEGRO-XS
6520380,PANT-PENGUIN-GAB-NEGRO-XXL
6520438,PANT-PENGUIN-GAB-NEGRO-XXXL
6520424,PANT-PENGUIN-GAB-NEGRO-XXXXL
6520414,PANT-PENGUIN-GAB-PERLA-L
6520422,PANT-PENGUIN-GAB-PERLA-M
6520440,PANT-PENGUIN-GAB-PERLA-S
6520398,PANT-PENGUIN-GAB-PERLA-XL
6520412,PANT-PENGUIN-GAB-PERLA-XS
6520410,PANT-PENGUIN-GAB-PERLA-XXL
6520405,PANT-PENGUIN-GAB-PERLA-XXXL
6520430,PANT-PENGUIN-GAB-PERLA-XXXXL
6520456,PANT-PENGUIN-GAB-TIZA-L
6520404,PANT-PENGUIN-GAB-TIZA-M
6520400,PANT-PENGUIN-GAB-TIZA-S
6520437,PANT-PENGUIN-GAB-TIZA-XL
6520413,PANT-PENGUIN-GAB-TIZA-XS
6520399,PANT-PENGUIN-GAB-TIZA-XXL
6520409,PANT-PENGUIN-GAB-TIZA-XXXL
6520383,PANT-PENGUIN-GAB-TIZA-XXXXL
6520451,PANT-PENGUIN-GAB-TOPO-L
6520454,PANT-PENGUIN-GAB-TOPO-M
6520443,PANT-PENGUIN-GAB-TOPO-S
6520394,PANT-PENGUIN-GAB-TOPO-XL
6520407,PANT-PENGUIN-GAB-TOPO-XS
6520466,PANT-PENGUIN-GAB-TOPO-XXL
6520387,PANT-PENGUIN-GAB-TOPO-XXXL
6520419,PANT-PENGUIN-GAB-TOPO-XXXXL
8968776,PANT-PENGUIN-GAB-TOPOS
8968777,PANT-PENGUIN-GAB-TOPOS
8762756,PANT-TOMMY-GAB-AZUL-L
8762754,PANT-TOMMY-GAB-AZUL-M
8762752,PANT-TOMMY-GAB-AZUL-S
8762757,PANT-TOMMY-GAB-AZUL-XL
8762750,PANT-TOMMY-GAB-AZUL-XS
8762758,PANT-TOMMY-GAB-AZUL-XXL
8762845,PANT-TOMMY-GAB-BORDO-L
8762843,PANT-TOMMY-GAB-BORDO-M
8762841,PANT-TOMMY-GAB-BORDO-S
8762848,PANT-TOMMY-GAB-BORDO-XL
8762838,PANT-TOMMY-GAB-BORDO-XS
8762849,PANT-TOMMY-GAB-BORDO-XXL
8762821,PANT-TOMMY-GAB-CHOCOLATE-L
8762820,PANT-TOMMY-GAB-CHOCOLATE-M
8762763,PANT-TOMMY-GAB-CHOCOLATE-S
8762831,PANT-TOMMY-GAB-CHOCOLATE-XL
8762762,PANT-TOMMY-GAB-CHOCOLATE-XS
8762832,PANT-TOMMY-GAB-CHOCOLATE-XXL
9752351,PRODUCT-TEST-FALSO
9687740,REM-BILLABONG-PALMERA-AGUA-MARINA-L
9687738,REM-BILLABONG-PALMERA-AGUA-MARINA-M
9687735,REM-BILLABONG-PALMERA-AGUA-MARINA-S
9687741,REM-BILLABONG-PALMERA-AGUA-MARINA-XL
9687769,REM-BILLABONG-PALMERA-AGUA-MARINA-XXL
9687678,REM-BILLABONG-PALMERA-AZUL-L
9687672,REM-BILLABONG-PALMERA-AZUL-M
9687671,REM-BILLABONG-PALMERA-AZUL-S
9687680,REM-BILLABONG-PALMERA-AZUL-XL
9687681,REM-BILLABONG-PALMERA-AZUL-XXL
9681873,REM-BILLABONG-PALMERA-BLANCA-L
9681860,REM-BILLABONG-PALMERA-BLANCA-M
9681881,REM-BILLABONG-PALMERA-BLANCA-XL
9681884,REM-BILLABONG-PALMERA-BLANCA-XXL
9687604,REM-BILLABONG-PALMERA-GRIS-CLARO-L
9687602,REM-BILLABONG-PALMERA-GRIS-CLARO-M
9687600,REM-BILLABONG-PALMERA-GRIS-CLARO-S
9687608,REM-BILLABONG-PALMERA-GRIS-CLARO-XL
9687611,REM-BILLABONG-PALMERA-GRIS-CLARO-XXL
9687663,REM-BILLABONG-PALMERA-GRIS-OSCURO-L
9687660,REM-BILLABONG-PALMERA-GRIS-OSCURO-M
9687658,REM-BILLABONG-PALMERA-GRIS-OSCURO-S
9687665,REM-BILLABONG-PALMERA-GRIS-OSCURO-XL
9687667,REM-BILLABONG-PALMERA-GRIS-OSCURO-XXL
9678919,REM-BILLABONG-PALMERA-LILA-L
9678913,REM-BILLABONG-PALMERA-LILA-M
9678911,REM-BILLABONG-PALMERA-LILA-S
9679005,REM-BILLABONG-PALMERA-LILA-XL
9679009,REM-BILLABONG-PALMERA-LILA-XXL
9679018,REM-BILLABONG-PALMERA-NEGRA-L
9679013,REM-BILLABONG-PALMERA-NEGRA-M
9679012,REM-BILLABONG-PALMERA-NEGRA-S
9679020,REM-BILLABONG-PALMERA-NEGRA-XL
9679022,REM-BILLABONG-PALMERA-NEGRA-XXL
9676183,REM-BILLABONG-PALMERA-ROSA-L
9676180,REM-BILLABONG-PALMERA-ROSA-M
9676178,REM-BILLABONG-PALMERA-ROSA-S
9676185,REM-BILLABONG-PALMERA-ROSA-XL
9676188,REM-BILLABONG-PALMERA-ROSA-XXL
9682678,REM-BILLABONG-PALMERA-VERDE-L
9682645,REM-BILLABONG-PALMERA-VERDE-M
9681895,REM-BILLABONG-PALMERA-VERDE-S
9682682,REM-BILLABONG-PALMERA-VERDE-XL
9682686,REM-BILLABONG-PALMERA-VERDE-XXL
7386762,REM-GUINDAS-LISA-BLANCA-L
7386760,REM-GUINDAS-LISA-BLANCA-M
7386755,REM-GUINDAS-LISA-BLANCA-S
7386761,REM-GUINDAS-LISA-BLANCA-XL
7386758,REM-GUINDAS-LISA-BLANCA-XXL
7386757,REM-GUINDAS-LISA-NEGRA-L
7386754,REM-GUINDAS-LISA-NEGRA-M
7386753,REM-GUINDAS-LISA-NEGRA-S
7386759,REM-GUINDAS-LISA-NEGRA-XL
7386756,REM-GUINDAS-LISA-NEGRA-XXL
6838882,REM-PENGUIN-EST-AZUL-OSCURO-CIRC-L
6838881,REM-PENGUIN-EST-AZUL-OSCURO-CIRC-M
6838880,REM-PENGUIN-EST-AZUL-OSCURO-CIRC-S
6838883,REM-PENGUIN-EST-AZUL-OSCURO-CIRC-XL
6838884,REM-PENGUIN-EST-AZUL-OSCURO-CIRC-XXL
6836533,REM-PENGUIN-EST-AZUL-OSCURO-D1-L
6836532,REM-PENGUIN-EST-AZUL-OSCURO-D1-M
6836531,REM-PENGUIN-EST-AZUL-OSCURO-D1-S
6836534,REM-PENGUIN-EST-AZUL-OSCURO-D1-XL
6836535,REM-PENGUIN-EST-AZUL-OSCURO-D1-XXL
6838861,REM-PENGUIN-EST-AZUL-OSCURO-TV-L
6838862,REM-PENGUIN-EST-AZUL-OSCURO-TV-M
6838860,REM-PENGUIN-EST-AZUL-OSCURO-TV-S
6838863,REM-PENGUIN-EST-AZUL-OSCURO-TV-XL
6838864,REM-PENGUIN-EST-AZUL-OSCURO-TV-XXL
6838887,REM-PENGUIN-EST-BLANCA-CIRC-L
6838886,REM-PENGUIN-EST-BLANCA-CIRC-M
6838885,REM-PENGUIN-EST-BLANCA-CIRC-S
6838888,REM-PENGUIN-EST-BLANCA-CIRC-XL
6838889,REM-PENGUIN-EST-BLANCA-CIRC-XXL
6836513,REM-PENGUIN-EST-BLANCA-D1-L
6836512,REM-PENGUIN-EST-BLANCA-D1-M
6836511,REM-PENGUIN-EST-BLANCA-D1-S
6836514,REM-PENGUIN-EST-BLANCA-D1-XL
6836515,REM-PENGUIN-EST-BLANCA-D1-XXL
6838915,REM-PENGUIN-EST-BLANCA-D3-L
6838914,REM-PENGUIN-EST-BLANCA-D3-M
6838913,REM-PENGUIN-EST-BLANCA-D3-S
6838916,REM-PENGUIN-EST-BLANCA-D3-XL
6838917,REM-PENGUIN-EST-BLANCA-D3-XXL
9752612,REM-PENGUIN-EST-BLANCA-ESCUDO-L
9758398,REM-PENGUIN-EST-BLANCA-ESCUDO-M
9752572,REM-PENGUIN-EST-BLANCA-ESCUDO-S
9758399,REM-PENGUIN-EST-BLANCA-ESCUDO-XL
9752754,REM-PENGUIN-EST-BLANCA-ESCUDO-XXL
9778649,REM-PENGUIN-EST-BLANCA-TRAGO-L
9778648,REM-PENGUIN-EST-BLANCA-TRAGO-M
9778647,REM-PENGUIN-EST-BLANCA-TRAGO-S
9778650,REM-PENGUIN-EST-BLANCA-TRAGO-XL
9778651,REM-PENGUIN-EST-BLANCA-TRAGO-XXL
6811555,REM-PENGUIN-EST-BLANCA-TV-L
6811554,REM-PENGUIN-EST-BLANCA-TV-M
6811553,REM-PENGUIN-EST-BLANCA-TV-S
6811556,REM-PENGUIN-EST-BLANCA-TV-XL
6829456,REM-PENGUIN-EST-BLANCA-TV-XXL
6838877,REM-PENGUIN-EST-BORDO-CIRC-L
6838876,REM-PENGUIN-EST-BORDO-CIRC-M
6838875,REM-PENGUIN-EST-BORDO-CIRC-S
6838878,REM-PENGUIN-EST-BORDO-CIRC-XL
6838879,REM-PENGUIN-EST-BORDO-CIRC-XXL
6836523,REM-PENGUIN-EST-BORDO-D1-L
6836522,REM-PENGUIN-EST-BORDO-D1-M
6836521,REM-PENGUIN-EST-BORDO-D1-S
6836524,REM-PENGUIN-EST-BORDO-D1-XL
6836525,REM-PENGUIN-EST-BORDO-D1-XXL
9778654,REM-PENGUIN-EST-FRANCIA-ESCUDO-L
9778653,REM-PENGUIN-EST-FRANCIA-ESCUDO-M
9778652,REM-PENGUIN-EST-FRANCIA-ESCUDO-S
9778655,REM-PENGUIN-EST-FRANCIA-ESCUDO-XL
9778656,REM-PENGUIN-EST-FRANCIA-ESCUDO-XXL
9778639,REM-PENGUIN-EST-GRIS-ESCUDO-L
9752769,REM-PENGUIN-EST-GRIS-ESCUDO-M
9752765,REM-PENGUIN-EST-GRIS-ESCUDO-S
9778640,REM-PENGUIN-EST-GRIS-ESCUDO-XL
9778641,REM-PENGUIN-EST-GRIS-ESCUDO-XXL
6836518,REM-PENGUIN-EST-GRIS-OSCURO-D1-L
6836517,REM-PENGUIN-EST-GRIS-OSCURO-D1-M
6836516,REM-PENGUIN-EST-GRIS-OSCURO-D1-S
6836519,REM-PENGUIN-EST-GRIS-OSCURO-D1-XL
6836520,REM-PENGUIN-EST-GRIS-OSCURO-D1-XXL
6838910,REM-PENGUIN-EST-GRIS-OSCURO-D3-L
6838909,REM-PENGUIN-EST-GRIS-OSCURO-D3-M
6838908,REM-PENGUIN-EST-GRIS-OSCURO-D3-S
6838911,REM-PENGUIN-EST-GRIS-OSCURO-D3-XL
6838912,REM-PENGUIN-EST-GRIS-OSCURO-D3-XXL
6838866,REM-PENGUIN-EST-GRIS-OSCURO-TV-L
6838867,REM-PENGUIN-EST-GRIS-OSCURO-TV-M
6838865,REM-PENGUIN-EST-GRIS-OSCURO-TV-S
6838868,REM-PENGUIN-EST-GRIS-OSCURO-TV-XL
6838869,REM-PENGUIN-EST-GRIS-OSCURO-TV-XXL
9778659,REM-PENGUIN-EST-GRIS-PINGUINO-L
9778658,REM-PENGUIN-EST-GRIS-PINGUINO-M
9778657,REM-PENGUIN-EST-GRIS-PINGUINO-S
9778660,REM-PENGUIN-EST-GRIS-PINGUINO-XL
9778661,REM-PENGUIN-EST-GRIS-PINGUINO-XXL
9778644,REM-PENGUIN-EST-GRIS-TRAGO-L
9778643,REM-PENGUIN-EST-GRIS-TRAGO-M
9778642,REM-PENGUIN-EST-GRIS-TRAGO-S
9778645,REM-PENGUIN-EST-GRIS-TRAGO-XL
9778646,REM-PENGUIN-EST-GRIS-TRAGO-XXL
6831022,REM-PENGUIN-EST-GRISO-CIRC-L
6831023,REM-PENGUIN-EST-GRISO-CIRC-M
6831021,REM-PENGUIN-EST-GRISO-CIRC-S
6831024,REM-PENGUIN-EST-GRISO-CIRC-XL
6831025,REM-PENGUIN-EST-GRISO-CIRC-XXL
6838892,REM-PENGUIN-EST-LADRILLO-CIRC-L
6838891,REM-PENGUIN-EST-LADRILLO-CIRC-M
6838890,REM-PENGUIN-EST-LADRILLO-CIRC-S
6838893,REM-PENGUIN-EST-LADRILLO-CIRC-XL
6838894,REM-PENGUIN-EST-LADRILLO-CIRC-XXL
6836538,REM-PENGUIN-EST-LADRILLO-D1-L
6836537,REM-PENGUIN-EST-LADRILLO-D1-M
6836536,REM-PENGUIN-EST-LADRILLO-D1-S
6836539,REM-PENGUIN-EST-LADRILLO-D1-XL
6836540,REM-PENGUIN-EST-LADRILLO-D1-XXL
6838920,REM-PENGUIN-EST-LADRILLO-D3-L
6838919,REM-PENGUIN-EST-LADRILLO-D3-M
6838918,REM-PENGUIN-EST-LADRILLO-D3-S
6838921,REM-PENGUIN-EST-LADRILLO-D3-XL
6838922,REM-PENGUIN-EST-LADRILLO-D3-XXL
9778669,REM-PENGUIN-EST-MARINO-ESCUDO-L
9778668,REM-PENGUIN-EST-MARINO-ESCUDO-M
9778667,REM-PENGUIN-EST-MARINO-ESCUDO-S
9778670,REM-PENGUIN-EST-MARINO-ESCUDO-XL
9778671,REM-PENGUIN-EST-MARINO-ESCUDO-XXL
6838872,REM-PENGUIN-EST-NEGRA-CIRC-L
6838871,REM-PENGUIN-EST-NEGRA-CIRC-M
6838870,REM-PENGUIN-EST-NEGRA-CIRC-S
6838873,REM-PENGUIN-EST-NEGRA-CIRC-XL
6838874,REM-PENGUIN-EST-NEGRA-CIRC-XXL
6836528,REM-PENGUIN-EST-NEGRA-D1-L
6836527,REM-PENGUIN-EST-NEGRA-D1-M
6836526,REM-PENGUIN-EST-NEGRA-D1-S
6836529,REM-PENGUIN-EST-NEGRA-D1-XL
6836530,REM-PENGUIN-EST-NEGRA-D1-XXL
6838905,REM-PENGUIN-EST-NEGRA-D3-L
6838904,REM-PENGUIN-EST-NEGRA-D3-M
6838903,REM-PENGUIN-EST-NEGRA-D3-S
6838906,REM-PENGUIN-EST-NEGRA-D3-XL
6838907,REM-PENGUIN-EST-NEGRA-D3-XXL
9778664,REM-PENGUIN-EST-NEGRA-ESCUDO-L
9778663,REM-PENGUIN-EST-NEGRA-ESCUDO-M
9778662,REM-PENGUIN-EST-NEGRA-ESCUDO-S
9778665,REM-PENGUIN-EST-NEGRA-ESCUDO-XL
9778666,REM-PENGUIN-EST-NEGRA-ESCUDO-XXL
6838897,REM-PENGUIN-EST-ROSA-CIRC-L
6838896,REM-PENGUIN-EST-ROSA-CIRC-M
6838895,REM-PENGUIN-EST-ROSA-CIRC-S
6838898,REM-PENGUIN-EST-ROSA-CIRC-XL
6838899,REM-PENGUIN-EST-ROSA-CIRC-XXL
6836543,REM-PENGUIN-EST-ROSA-D1-L
6836542,REM-PENGUIN-EST-ROSA-D1-M
6836541,REM-PENGUIN-EST-ROSA-D1-S
6836544,REM-PENGUIN-EST-ROSA-D1-XL
6836545,REM-PENGUIN-EST-ROSA-D1-XXL
6838925,REM-PENGUIN-EST-ROSA-D3-L
6838924,REM-PENGUIN-EST-ROSA-D3-M
6838923,REM-PENGUIN-EST-ROSA-D3-S
6838926,REM-PENGUIN-EST-ROSA-D3-XL
6838927,REM-PENGUIN-EST-ROSA-D3-XXL
7571008,REM-PENGUIN-LISA
6490290,REM-PENGUIN-LISA-AZUL-JASP-L
6490289,REM-PENGUIN-LISA-AZUL-JASP-M
6490288,REM-PENGUIN-LISA-AZUL-JASP-S
6490291,REM-PENGUIN-LISA-AZUL-JASP-XL
6490292,REM-PENGUIN-LISA-AZUL-JASP-XXL
7523415,REM-PENGUIN-LISA-AZUL-JASPEADO-L
6490315,REM-PENGUIN-LISA-AZUL-OSCURO-L
6490314,REM-PENGUIN-LISA-AZUL-OSCURO-M
6490313,REM-PENGUIN-LISA-AZUL-OSCURO-S
6490316,REM-PENGUIN-LISA-AZUL-OSCURO-XL
6490317,REM-PENGUIN-LISA-AZUL-OSCURO-XXL
6490300,REM-PENGUIN-LISA-BLANCO-L
6490299,REM-PENGUIN-LISA-BLANCO-M
6490298,REM-PENGUIN-LISA-BLANCO-S
6490301,REM-PENGUIN-LISA-BLANCO-XL
6490302,REM-PENGUIN-LISA-BLANCO-XXL
6490320,REM-PENGUIN-LISA-BORDO-JASPEADO-L
6490319,REM-PENGUIN-LISA-BORDO-JASPEADO-M
6490318,REM-PENGUIN-LISA-BORDO-JASPEADO-S
6490321,REM-PENGUIN-LISA-BORDO-JASPEADO-XL
6490322,REM-PENGUIN-LISA-BORDO-JASPEADO-XXL
7562486,REM-PENGUIN-LISA-BORDO-JASPEADOXXL
6781490,REM-PENGUIN-LISA-BORDO-L
6781487,REM-PENGUIN-LISA-BORDO-M
6781476,REM-PENGUIN-LISA-BORDO-S
6781492,REM-PENGUIN-LISA-BORDO-XL
6781493,REM-PENGUIN-LISA-BORDO-XXL
7507496,REM-PENGUIN-LISA-CELESTE-L
7507495,REM-PENGUIN-LISA-CELESTE-M
7507494,REM-PENGUIN-LISA-CELESTE-S
7507497,REM-PENGUIN-LISA-CELESTE-XL
7507498,REM-PENGUIN-LISA-CELESTE-XXL
6490330,REM-PENGUIN-LISA-CORAL-JASPEADO-L
6490329,REM-PENGUIN-LISA-CORAL-JASPEADO-M
6490328,REM-PENGUIN-LISA-CORAL-JASPEADO-S
6490331,REM-PENGUIN-LISA-CORAL-JASPEADO-XL
6490332,REM-PENGUIN-LISA-CORAL-JASPEADO-XXL
6490295,REM-PENGUIN-LISA-GRIS-CLARO-L
6490294,REM-PENGUIN-LISA-GRIS-CLARO-M
6490293,REM-PENGUIN-LISA-GRIS-CLARO-S
6490296,REM-PENGUIN-LISA-GRIS-CLARO-XL
6490297,REM-PENGUIN-LISA-GRIS-CLARO-XXL
6490325,REM-PENGUIN-LISA-GRIS-JASPEADO-L
6490324,REM-PENGUIN-LISA-GRIS-JASPEADO-M
6490323,REM-PENGUIN-LISA-GRIS-JASPEADO-S
6490326,REM-PENGUIN-LISA-GRIS-JASPEADO-XL
6490327,REM-PENGUIN-LISA-GRIS-JASPEADO-XXL
6490310,REM-PENGUIN-LISA-GRIS-OSCURO-L
6490309,REM-PENGUIN-LISA-GRIS-OSCURO-M
6490308,REM-PENGUIN-LISA-GRIS-OSCURO-S
6490311,REM-PENGUIN-LISA-GRIS-OSCURO-XL
6490312,REM-PENGUIN-LISA-GRIS-OSCURO-XXL
6781485,REM-PENGUIN-LISA-LADRILLO-L
6781478,REM-PENGUIN-LISA-LADRILLO-M
6781477,REM-PENGUIN-LISA-LADRILLO-S
6781494,REM-PENGUIN-LISA-LADRILLO-XL
6781495,REM-PENGUIN-LISA-LADRILLO-XXL
6490285,REM-PENGUIN-LISA-NEGRA-L
6490284,REM-PENGUIN-LISA-NEGRA-M
6490283,REM-PENGUIN-LISA-NEGRA-S
6490286,REM-PENGUIN-LISA-NEGRA-XL
6490287,REM-PENGUIN-LISA-NEGRA-XXL
6490305,REM-PENGUIN-LISA-ROJO-L
6490304,REM-PENGUIN-LISA-ROJO-M
6490303,REM-PENGUIN-LISA-ROJO-S
6490306,REM-PENGUIN-LISA-ROJO-XL
6490307,REM-PENGUIN-LISA-ROJO-XXL
6781484,REM-PENGUIN-LISA-ROSA-L
6781481,REM-PENGUIN-LISA-ROSA-M
6781480,REM-PENGUIN-LISA-ROSA-S
6781486,REM-PENGUIN-LISA-ROSA-XL
6781491,REM-PENGUIN-LISA-ROSA-XXL
6781483,REM-PENGUIN-LISA-VERDE-JASPEADO-L
6781482,REM-PENGUIN-LISA-VERDE-JASPEADO-M
6781479,REM-PENGUIN-LISA-VERDE-JASPEADO-S
6781488,REM-PENGUIN-LISA-VERDE-JASPEADO-XL
6781489,REM-PENGUIN-LISA-VERDE-JASPEADO-XXL
7947942,REM-PENGUIN-LISO-COMBO-BNGC-L-X3
7947926,REM-PENGUIN-LISO-COMBO-BNGC-M-X3
7947898,REM-PENGUIN-LISO-COMBO-BNGC-S-X3
7947979,REM-PENGUIN-LISO-COMBO-BNGC-XL-X3
7948007,REM-PENGUIN-LISO-COMBO-BNGC-XXL-X3
7997845,REM-PENGUIN-LISO-COMBO-BNGO-L-X10
7947598,REM-PENGUIN-LISO-COMBO-BNGO-L-X3
7997832,REM-PENGUIN-LISO-COMBO-BNGO-M-X10
7945988,REM-PENGUIN-LISO-COMBO-BNGO-M-X3
7997812,REM-PENGUIN-LISO-COMBO-BNGO-S-X10
7945979,REM-PENGUIN-LISO-COMBO-BNGO-S-X3
7353807,REM-PENGUIN-LISO-COMBO-BYN-L-X2
7358381,REM-PENGUIN-LISO-COMBO-BYN-M-X2
7358365,REM-PENGUIN-LISO-COMBO-BYN-S-X2
7358390,REM-PENGUIN-LISO-COMBO-BYN-XL-X2
7358395,REM-PENGUIN-LISO-COMBO-BYN-XXL-X2
7596524,REM-PENGUIN-LISO-COMBO-CRB-L-X3
7596508,REM-PENGUIN-LISO-COMBO-CRB-M-X3
7596493,REM-PENGUIN-LISO-COMBO-CRB-S-X3
7596531,REM-PENGUIN-LISO-COMBO-CRB-XL-X3
7596550,REM-PENGUIN-LISO-COMBO-CRB-XXL-X3
7687788,REM-PENGUIN-LISO-COMBO-GBB-L-X3
7687777,REM-PENGUIN-LISO-COMBO-GBB-M-X3
7687769,REM-PENGUIN-LISO-COMBO-GBB-S-X3
7687793,REM-PENGUIN-LISO-COMBO-GBB-XL-X3
7687805,REM-PENGUIN-LISO-COMBO-GBB-XXL-X3
7687723,REM-PENGUIN-LISO-COMBO-GBC-L-X3
7687719,REM-PENGUIN-LISO-COMBO-GBC-M-X3
7687710,REM-PENGUIN-LISO-COMBO-GBC-S-X3
7687728,REM-PENGUIN-LISO-COMBO-GBC-XL-X3
7687763,REM-PENGUIN-LISO-COMBO-GBC-XXL-X3
7686558,REM-PENGUIN-LISO-COMBO-GBL-L-X3
7686486,REM-PENGUIN-LISO-COMBO-GBL-M-X3
7686415,REM-PENGUIN-LISO-COMBO-GBL-S-X3
7686564,REM-PENGUIN-LISO-COMBO-GBL-XL-X3
7686567,REM-PENGUIN-LISO-COMBO-GBL-XXL-X3
7686363,REM-PENGUIN-LISO-COMBO-GBR-L-X3
7686193,REM-PENGUIN-LISO-COMBO-GBR-M-X3
7686179,REM-PENGUIN-LISO-COMBO-GBR-S-X3
7686399,REM-PENGUIN-LISO-COMBO-GBR-XL-X3
7686407,REM-PENGUIN-LISO-COMBO-GBR-XXL-X3
7685249,REM-PENGUIN-LISO-COMBO-GCBBJ-L-X3
7685244,REM-PENGUIN-LISO-COMBO-GCBBJ-M-X3
7685236,REM-PENGUIN-LISO-COMBO-GCBBJ-S-X3
7685252,REM-PENGUIN-LISO-COMBO-GCBBJ-XXL-X3
7684351,REM-PENGUIN-LISO-COMBO-GCBC-L-X3
7684347,REM-PENGUIN-LISO-COMBO-GCBC-M-X3
7684333,REM-PENGUIN-LISO-COMBO-GCBC-S-X3
7684353,REM-PENGUIN-LISO-COMBO-GCBC-XL-X3
7684358,REM-PENGUIN-LISO-COMBO-GCBC-XXL-X3
7684290,REM-PENGUIN-LISO-COMBO-GCBR-L-X3
7684226,REM-PENGUIN-LISO-COMBO-GCBR-M-X3
7684216,REM-PENGUIN-LISO-COMBO-GCBR-S-X3
7684319,REM-PENGUIN-LISO-COMBO-GCBR-XL-X3
7684324,REM-PENGUIN-LISO-COMBO-GCBR-XXL-X3
7620779,REM-PENGUIN-LISO-COMBO-GCL-L-X3
7620774,REM-PENGUIN-LISO-COMBO-GCL-M-X3
7620766,REM-PENGUIN-LISO-COMBO-GCL-S-X3
7620786,REM-PENGUIN-LISO-COMBO-GCL-XL-X3
7620794,REM-PENGUIN-LISO-COMBO-GCL-XXL-X3
7947852,REM-PENGUIN-LISO-COMBO-GCNG-L-X3
7947844,REM-PENGUIN-LISO-COMBO-GCNG-M-X3
7947590,REM-PENGUIN-LISO-COMBO-GCNG-S-X3
7947863,REM-PENGUIN-LISO-COMBO-GCNG-XL-X3
7947875,REM-PENGUIN-LISO-COMBO-GCNG-XXL-X3
7620661,REM-PENGUIN-LISO-COMBO-GCR-L-X3
7620653,REM-PENGUIN-LISO-COMBO-GCR-M-X3
7620646,REM-PENGUIN-LISO-COMBO-GCR-S-X3
7620719,REM-PENGUIN-LISO-COMBO-GCR-XXL-X3
7677435,REM-PENGUIN-LISO-COMBO-GGB-L-X3
7677429,REM-PENGUIN-LISO-COMBO-GGB-M-X3
7677426,REM-PENGUIN-LISO-COMBO-GGB-S-X3
7677465,REM-PENGUIN-LISO-COMBO-GGB-XL-X3
7678813,REM-PENGUIN-LISO-COMBO-GGBJ-L-X3
7678806,REM-PENGUIN-LISO-COMBO-GGBJ-M-X3
7678798,REM-PENGUIN-LISO-COMBO-GGBJ-S-X3
7678815,REM-PENGUIN-LISO-COMBO-GGBJ-XL-X3
7678818,REM-PENGUIN-LISO-COMBO-GGBJ-XXL-X3
7678777,REM-PENGUIN-LISO-COMBO-GGC-L-X3
7678769,REM-PENGUIN-LISO-COMBO-GGC-M-X3
7678766,REM-PENGUIN-LISO-COMBO-GGC-S-X3
7678786,REM-PENGUIN-LISO-COMBO-GGC-XL-X3
7678790,REM-PENGUIN-LISO-COMBO-GGC-XXL-X3
7682019,REM-PENGUIN-LISO-COMBO-GGL-L-X3
7682013,REM-PENGUIN-LISO-COMBO-GGL-M-X3
7682003,REM-PENGUIN-LISO-COMBO-GGL-S-X3
7682030,REM-PENGUIN-LISO-COMBO-GGL-XL-X3
7684190,REM-PENGUIN-LISO-COMBO-GGL-XXL-X3
8632005,REM-PENGUIN-LISO-COMBO-GGN-L-X3
8632004,REM-PENGUIN-LISO-COMBO-GGN-M-X3
8632001,REM-PENGUIN-LISO-COMBO-GGN-S-X3
8632006,REM-PENGUIN-LISO-COMBO-GGN-XL-X3
8632007,REM-PENGUIN-LISO-COMBO-GGN-XXL-X3
7677782,REM-PENGUIN-LISO-COMBO-GGR-L-X3
7677747,REM-PENGUIN-LISO-COMBO-GGR-M-X3
7677734,REM-PENGUIN-LISO-COMBO-GGR-S-X3
7677793,REM-PENGUIN-LISO-COMBO-GGR-XL-X3
7677797,REM-PENGUIN-LISO-COMBO-GGR-XXL-X3
7687836,REM-PENGUIN-LISO-COMBO-GLR-L-X3
7687834,REM-PENGUIN-LISO-COMBO-GLR-M-X3
7687817,REM-PENGUIN-LISO-COMBO-GLR-S-X3
7687848,REM-PENGUIN-LISO-COMBO-GLR-XL-X3
7687857,REM-PENGUIN-LISO-COMBO-GLR-XXL-X3
7571216,REM-PENGUIN-LISO-COMBO-LCR-L-X3
7571214,REM-PENGUIN-LISO-COMBO-LCR-M-X3
7571178,REM-PENGUIN-LISO-COMBO-LCR-S-X3
7571222,REM-PENGUIN-LISO-COMBO-LCR-XL-X3
7571223,REM-PENGUIN-LISO-COMBO-LCR-XXL-X3
9747083,REM-QUICKSILVER-BLANCA-L
9747082,REM-QUICKSILVER-BLANCA-M
9747079,REM-QUICKSILVER-BLANCA-S
9747084,REM-QUICKSILVER-BLANCA-XL
9747086,REM-QUICKSILVER-BLANCA-XXL
9747419,REM-QUICKSILVER-FRANCIA-L
9747416,REM-QUICKSILVER-FRANCIA-M
9747412,REM-QUICKSILVER-FRANCIA-S
9747420,REM-QUICKSILVER-FRANCIA-XL
9747422,REM-QUICKSILVER-FRANCIA-XXL
9747188,REM-QUICKSILVER-MARINO-L
9747140,REM-QUICKSILVER-MARINO-M
9747088,REM-QUICKSILVER-MARINO-S
9747218,REM-QUICKSILVER-MARINO-XL
9747224,REM-QUICKSILVER-MARINO-XXL
9747361,REM-QUICKSILVER-NEGRA-L
9747360,REM-QUICKSILVER-NEGRA-M
9747358,REM-QUICKSILVER-NEGRA-S
9747363,REM-QUICKSILVER-NEGRA-XL
9747365,REM-QUICKSILVER-NEGRA-XXL
9747051,REM-QUICKSILVER-VERDE-MANZANA-L
9747047,REM-QUICKSILVER-VERDE-MANZANA-M
9747046,REM-QUICKSILVER-VERDE-MANZANA-S
9747058,REM-QUICKSILVER-VERDE-MANZANA-XL
9747060,REM-QUICKSILVER-VERDE-MANZANA-XXL
9747426,REM-RUSTY-BLANCA-L
9747425,REM-RUSTY-BLANCA-M
9747424,REM-RUSTY-BLANCA-S
9747435,REM-RUSTY-BLANCA-XL
9747445,REM-RUSTY-BLANCA-XXL
9747404,REM-RUSTY-GRIS-L
9747401,REM-RUSTY-GRIS-M
9747393,REM-RUSTY-GRIS-S
9747408,REM-RUSTY-GRIS-XL
9747410,REM-RUSTY-GRIS-XXL
9747068,REM-RUSTY-NEGRA-L
9747067,REM-RUSTY-NEGRA-M
9747065,REM-RUSTY-NEGRA-S
9747069,REM-RUSTY-NEGRA-XL
9747078,REM-RUSTY-NEGRA-XXL
6564548,SW-BORDO-PITUCONES-M
6564547,SW-BORDO-PITUCONES-S
8618950,SW-PENGUIN-HILO-AZUL-CLARO-L
8618949,SW-PENGUIN-HILO-AZUL-CLARO-M
8618913,SW-PENGUIN-HILO-AZUL-CLARO-S
8618960,SW-PENGUIN-HILO-AZUL-CLARO-XL
8618961,SW-PENGUIN-HILO-AZUL-CLARO-XXL
8039807,SW-PENGUIN-HILO-CELESTE-L
8039804,SW-PENGUIN-HILO-CELESTE-M
8039801,SW-PENGUIN-HILO-CELESTE-S
8039810,SW-PENGUIN-HILO-CELESTE-XL
8039814,SW-PENGUIN-HILO-CELESTE-XXL
8039418,SW-PENGUIN-HILO-FRANCIA-L
8039413,SW-PENGUIN-HILO-FRANCIA-M
8039410,SW-PENGUIN-HILO-FRANCIA-S
8039420,SW-PENGUIN-HILO-FRANCIA-XL
8039421,SW-PENGUIN-HILO-FRANCIA-XXL
8039508,SW-PENGUIN-HILO-GRIS-CLARO-L
8039507,SW-PENGUIN-HILO-GRIS-CLARO-M
8039505,SW-PENGUIN-HILO-GRIS-CLARO-S
8039511,SW-PENGUIN-HILO-GRIS-CLARO-XL
8039616,SW-PENGUIN-HILO-GRIS-CLARO-XXL
8039463,SW-PENGUIN-HILO-GRIS-OSCURO-L
8039462,SW-PENGUIN-HILO-GRIS-OSCURO-M
8039456,SW-PENGUIN-HILO-GRIS-OSCURO-S
8039484,SW-PENGUIN-HILO-GRIS-OSCURO-XL
8039504,SW-PENGUIN-HILO-GRIS-OSCURO-XXL
8039431,SW-PENGUIN-HILO-MARINO-L
8039429,SW-PENGUIN-HILO-MARINO-M
8039425,SW-PENGUIN-HILO-MARINO-S
8039434,SW-PENGUIN-HILO-MARINO-XL
8039437,SW-PENGUIN-HILO-MARINO-XXL
8039751,SW-PENGUIN-HILO-MARRON-L
8039744,SW-PENGUIN-HILO-MARRON-M
8039740,SW-PENGUIN-HILO-MARRON-S
8039755,SW-PENGUIN-HILO-MARRON-XL
8039787,SW-PENGUIN-HILO-MARRON-XXL
8039446,SW-PENGUIN-HILO-NEGRO-L
8039443,SW-PENGUIN-HILO-NEGRO-M
8039441,SW-PENGUIN-HILO-NEGRO-S
8039448,SW-PENGUIN-HILO-NEGRO-XL
8039451,SW-PENGUIN-HILO-NEGRO-XXL
8039405,SW-PENGUIN-HILO-ROJO-L
8039402,SW-PENGUIN-HILO-ROJO-M
8039398,SW-PENGUIN-HILO-ROJO-S
8039406,SW-PENGUIN-HILO-ROJO-XL
8039407,SW-PENGUIN-HILO-ROJO-XXL
8039666,SW-PENGUIN-HILO-ROSA-L
8039661,SW-PENGUIN-HILO-ROSA-M
8039659,SW-PENGUIN-HILO-ROSA-S
8620564,SW-PENGUIN-HILO-ROSA-VIEJO-L
8620563,SW-PENGUIN-HILO-ROSA-VIEJO-M
8620561,SW-PENGUIN-HILO-ROSA-VIEJO-S
8620565,SW-PENGUIN-HILO-ROSA-VIEJO-XL
8620568,SW-PENGUIN-HILO-ROSA-VIEJO-XXL
8039676,SW-PENGUIN-HILO-ROSA-XL
8039678,SW-PENGUIN-HILO-ROSA-XXL
8618878,SW-PENGUIN-HILO-VERDE-INGLES-L
8618876,SW-PENGUIN-HILO-VERDE-INGLES-M
8618872,SW-PENGUIN-HILO-VERDE-INGLES-S
8618884,SW-PENGUIN-HILO-VERDE-INGLES-XL
8618885,SW-PENGUIN-HILO-VERDE-INGLES-XXL
8039626,SW-PENGUIN-HILO-VERDE-L
8039623,SW-PENGUIN-HILO-VERDE-M
8039621,SW-PENGUIN-HILO-VERDE-S
8039649,SW-PENGUIN-HILO-VERDE-XL
8039654,SW-PENGUIN-HILO-VERDE-XXL